{"cameraMode":{"drawMode":0,"name":"Shaded","section":"Shading Mode"},"sceneLighting":true,"audioPlay":false,"sceneViewState":{"m_AlwaysRefresh":false,"showFog":true,"showSkybox":true,"showFlares":true,"showImageEffects":true,"showParticleSystems":true,"showVisualEffectGraphs":true,"m_FxEnabled":true},"in2DMode":false,"pivot":{"x":0.31196415424346926,"y":1.3157579898834229,"z":0.6666542291641235},"rotation":{"x":0.22631755471229554,"y":0.011682420037686825,"z":-0.002717300783842802,"w":0.9739893078804016},"size":3.1800854206085207,"orthographic":false}